{
    "embedding_dim": 128,
    "lstm_units": 32,
    "dropout": 0.31868411173731187,
    "dense_units": 16,
    "learning_rate": 0.0035503048581283078,
    "batch_size": 128,
    "best_f1": 0.7741934657096863
}