{
    "dropout": 0.45997771546226074,
    "lstm_units": 128,
    "dense_units": 64,
    "embedding_dim": 256,
    "learning_rate": 0.0007271259887303292,
    "batch_size": 256,
    "best_f1": 0.768180787563324
}