epoch,loss,accuracy,precision,recall,f1,val_loss,val_accuracy,val_precision,val_recall,val_f1
1,0.3934961259365082,0.8101328015327454,0.3326592445373535,0.8498038649559021,0.478146183930089,0.8624539971351624,0.13900204002857208,0.103003591299057,0.9988127946853638,0.1867485475742323
2,0.17974817752838135,0.9404253363609314,0.6441628932952881,0.9337989091873169,0.7623994524477306,0.7622462511062622,0.9275419116020203,0.9681881070137024,0.2770083248615265,0.43076924862501026
