epoch,loss,accuracy,precision,recall,f1,val_loss,val_accuracy,val_precision,val_recall,val_f1
1,0.39734822511672974,0.8085954189300537,0.33065176010131836,0.8493255376815796,0.47599387625690154,0.20087933540344238,0.9293044209480286,0.9664082527160645,0.29600316286087036,0.45319599599480825
2,0.17814049124717712,0.9402295351028442,0.6434839963912964,0.9329379200935364,0.7616369893478941,8.147089958190918,0.0989738404750824,0.0989738404750824,1.0,0.18012046662056372
3,0.10888783633708954,0.9641808271408081,0.754094660282135,0.9646034836769104,0.846457347832729,0.13871386647224426,0.9548017978668213,0.9074183702468872,0.6050652861595154,0.7260208776924536
