epoch,loss,accuracy,precision,recall,f1,val_loss,val_accuracy,val_precision,val_recall,val_f1
1,0.30676376819610596,0.8891249895095825,0.47679752111434937,0.855161190032959,0.6122393016367575,0.22888638079166412,0.9254660606384277,0.5783132314682007,0.9117530584335327,0.7077253691290263
2,0.16794632375240326,0.939426600933075,0.639745831489563,0.9343729019165039,0.7594867609058413,0.21347291767597198,0.9190819263458252,0.555878758430481,0.9074000716209412,0.6894166919569972
3,0.11114335805177689,0.9605283737182617,0.7339696884155273,0.9636468291282654,0.8332713019795865,0.14329689741134644,0.9473993182182312,0.6918340921401978,0.8448753356933594,0.760734007684333
4,0.08083081245422363,0.9726117253303528,0.8008961081504822,0.9747440814971924,0.8793096099820982,0.18982094526290894,0.9392918944358826,0.6421297788619995,0.8733676075935364,0.7401073122810367
5,0.05772913619875908,0.9797109365463257,0.8444718718528748,0.9827800393104553,0.9083915516473724,0.20619416236877441,0.9520601630210876,0.7334288954734802,0.810051441192627,0.7698382929501887
6,0.03215473145246506,0.9890819191932678,0.9104976058006287,0.9907203912734985,0.9489164794995492,0.27736490964889526,0.951120138168335,0.7255731821060181,0.8140087127685547,0.7672510230884743
7,0.018562454730272293,0.9943989515304565,0.9525510668754578,0.9948340058326721,0.9732334985007108,0.33785280585289,0.9447751641273499,0.6817442178726196,0.8290463089942932,0.7482142857721075
8,0.010884009301662445,0.9968665838241577,0.9729300737380981,0.9971300363540649,0.9848814204466564,0.3986242413520813,0.9490051865577698,0.7124522924423218,0.8128215074539185,0.7593345488152515
