epoch,loss,accuracy,precision,recall,f1,val_loss,val_accuracy,val_precision,val_recall,val_f1
1,0.39238229393959045,0.8116897344589233,0.33466434478759766,0.8498995304107666,0.4802291804358393,0.2621011734008789,0.9378035664558411,0.9536231756210327,0.39058172702789307,0.5541830507148008
2,0.17931349575519562,0.9408170580863953,0.6459450721740723,0.9334162473678589,0.7635182878220106,0.4129413664340973,0.877487063407898,0.44390517473220825,0.9410368204116821,0.6032470899994461
3,0.10683140903711319,0.9662469029426575,0.7648971676826477,0.9676647782325745,0.8544156817958547,0.179881751537323,0.9400360584259033,0.9519056081771851,0.41511672735214233,0.5781206795888323
4,0.07739311456680298,0.9738259315490723,0.8080943822860718,0.9760833978652954,0.8841803986492063,0.8019260764122009,0.9074103236198425,0.9710982441902161,0.06648199260234833,0.12444444101206315
5,0.060168758034706116,0.9802103042602539,0.8478547930717468,0.9830670356750488,0.9104682515893379,0.3515668213367462,0.9506893157958984,0.7751736044883728,0.7067669034004211,0.7393914197304639
6,0.041408538818359375,0.9862323999404907,0.8881832957267761,0.9901463985443115,0.9363973685699095,0.3338540196418762,0.9421118497848511,0.9517657160758972,0.4372774064540863,0.5992407825605154
7,0.02645893767476082,0.991334080696106,0.9268379807472229,0.9937816858291626,0.9591431630389793,0.22559672594070435,0.9499843120574951,0.9183400273323059,0.5429362654685974,0.6824172914137127
8,0.017165664583444595,0.9948199987411499,0.9536478519439697,0.997895359992981,0.9752699921798152,0.23777002096176147,0.9536659717559814,0.8700440526008606,0.6252472996711731,0.727607624637269
