epoch,loss,accuracy,precision,recall,f1,val_loss,val_accuracy,val_precision,val_recall,val_f1
1,0.5776985883712769,0.5945712924003601,0.17825734615325928,0.8202430009841919,0.29286788126894814,0.4568404257297516,0.9019269943237305,0.9259259104728699,0.009893153794109821,0.019577133623441368
2,0.3999747037887573,0.7742547988891602,0.3014652729034424,0.9152396321296692,0.45354130542361576,1.9812357425689697,0.9020444750785828,0.9333333373069763,0.011080332100391388,0.0219006642379868
3,0.28858527541160583,0.8789412975311279,0.45546954870224,0.9344685673713684,0.612432987821633,1.6263128519058228,0.9048253297805786,0.961904764175415,0.039968341588974,0.0767477197849161
