epoch,loss,accuracy,precision,recall,f1,val_loss,val_accuracy,val_precision,val_recall,val_f1
1,0.3060700595378876,0.8827993273735046,0.46091172099113464,0.8550655245780945,0.5989613024395475,0.17743293941020966,0.9361976981163025,0.6223433017730713,0.9038385152816772,0.7371308445485053
2,0.16122323274612427,0.9406114220619202,0.6434924602508545,0.9412608742713928,0.7644019577410971,0.1349005401134491,0.9497101902961731,0.7039711475372314,0.8488326072692871,0.7696447960751307
3,0.1097278743982315,0.9606360793113708,0.7343875169754028,0.9641251564025879,0.8337193955178094,0.25539594888687134,0.9249569177627563,0.579206645488739,0.8840522170066833,0.6998746868015989
4,0.075025774538517,0.9735811352729797,0.8057724237442017,0.9775184392929077,0.8833751334790579,0.18945597112178802,0.9397618770599365,0.6538102626800537,0.8318163752555847,0.7321490728829878
5,0.042943619191646576,0.9857624173164368,0.8861237168312073,0.9878503680229187,0.934225981949675,0.22011664509773254,0.9468901753425598,0.6982729434967041,0.8159873485565186,0.7525547499631653
6,0.027029842138290405,0.9917551279067993,0.9311798810958862,0.9928250312805176,0.9610149003569145,0.33959445357322693,0.9348269104957581,0.6266509890556335,0.8448753356933594,0.7195820500612031
7,0.014866265468299389,0.9955152273178101,0.9613218903541565,0.9962689876556396,0.9784834995635371,0.3146681487560272,0.9499451518058777,0.7310395836830139,0.7819548845291138,0.7556405330689107
