epoch,loss,accuracy,precision,recall,f1,val_loss,val_accuracy,val_precision,val_recall,val_f1
1,0.5777435898780823,0.5942090153694153,0.1782139092683792,0.8209126591682434,0.29285189440451426,0.4553723633289337,0.9019269943237305,0.9259259104728699,0.009893153794109821,0.019577133623441368
2,0.40018782019615173,0.7749207019805908,0.30206260085105896,0.9148569703102112,0.4541698275012793,2.0794074535369873,0.9019661545753479,0.9285714030265808,0.010288880206644535,0.020352250701573243
