epoch,loss,accuracy,precision,recall,f1,val_loss,val_accuracy,val_precision,val_recall,val_f1
1,0.28741392493247986,0.8816590905189514,0.6466588377952576,0.8818544745445251,0.7461616264768831,6.562056541442871,0.1016763299703598,0.1016763299703598,1.0,0.18458475907001717
2,0.11557210981845856,0.9646744728088379,0.8780597448348999,0.9532830715179443,0.9141264901996412,8.978473663330078,0.11048879474401474,0.10251748561859131,0.9992296099662781,0.18595648235407125
3,0.07185010612010956,0.9774938821792603,0.9166944622993469,0.9744454026222229,0.9446881438712575,0.2069234400987625,0.9438743591308594,0.6744674444198608,0.8659476041793823,0.7583066240796217
4,0.04824191331863403,0.9848355054855347,0.9411440491676331,0.9846938848495483,0.9624265610396301,1.9420663118362427,0.9047470092773438,0.9555555582046509,0.06625577807426453,0.12391930829930782
5,0.03732258453965187,0.9884406924247742,0.9545824527740479,0.9884206056594849,0.9712068769294917,0.26003795862197876,0.9554676413536072,0.8595367074012756,0.6718027591705322,0.7541621492107662
6,0.026534361764788628,0.992107093334198,0.9681118130683899,0.9926796555519104,0.9802418222562794,0.2746601104736328,0.9558593034744263,0.8815584182739258,0.6536979675292969,0.7507188396842392
7,0.016878487542271614,0.9953359961509705,0.9806491136550903,0.9960070848464966,0.9882684360480335,0.22984381020069122,0.9545668363571167,0.7933006286621094,0.748073935508728,0.7700237659547077
8,0.011585727334022522,0.9969111084938049,0.9869627952575684,0.9975154995918274,0.992211089781272,0.2774296998977661,0.953822672367096,0.781039297580719,0.758474588394165,0.7695915771192572
