epoch,loss,accuracy,precision,recall,f1,val_loss,val_accuracy,val_precision,val_recall,val_f1
1,0.3024542033672333,0.8864713311195374,0.470066636800766,0.857074499130249,0.6071428522351207,0.1847243458032608,0.9258185625076294,0.5806780457496643,0.9014641642570496,0.7063565772298823
2,0.17159265279769897,0.9375661015510559,0.6315416097640991,0.936286211013794,0.7542967321631011,0.1564447581768036,0.9428560137748718,0.6593078970909119,0.8745548129081726,0.7518285578369232
3,0.11070027202367783,0.9588049650192261,0.7250648736953735,0.9624987840652466,0.827078796217134,0.16769753396511078,0.9381952285766602,0.636311411857605,0.8765334486961365,0.7373502079732134
4,0.07930932939052582,0.9712212681770325,0.7918738126754761,0.9751267433166504,0.8739978371296189,0.16282324492931366,0.957190990447998,0.7724164128303528,0.8045112490653992,0.7881372216373017
