epoch,loss,accuracy,precision,recall,f1,val_loss,val_accuracy,val_precision,val_recall,val_f1
1,0.3767441511154175,0.8269848227500916,0.3559795618057251,0.8531522154808044,0.5023517825360585,0.24376943707466125,0.9289910793304443,0.602645218372345,0.829442024230957,0.6980849419637339
2,0.1625738888978958,0.9437546730041504,0.6575021743774414,0.9403042197227478,0.7738760732549967,0.17086774110794067,0.9504935145378113,0.7593429088592529,0.731697678565979,0.7452640100257688
3,0.09331002831459045,0.9676863551139832,0.7719565033912659,0.9712044596672058,0.8601931946058058,0.21000008285045624,0.9354143738746643,0.6360818147659302,0.8120300769805908,0.7133669268986902
4,0.05815237760543823,0.9789275527000427,0.8384019732475281,0.9837367534637451,0.9052733726248378,4.964956760406494,0.10222466289997101,0.09929662942886353,1.0,0.18065484196099613
5,0.0402492955327034,0.9864968061447144,0.890380322933197,0.9899550080299377,0.9375311363080618,0.20947982370853424,0.9380385279655457,0.6519781351089478,0.8021368980407715,0.7193044662414291
6,0.022166799753904343,0.9926069974899292,0.9357476830482483,0.9961733222007751,0.9650155214743842,0.2118493616580963,0.9500234723091125,0.7412263751029968,0.7605856657028198,0.7507812437589791
7,0.014119843952357769,0.9959363341331482,0.9634348750114441,0.9981823563575745,0.9805008626120465,0.25336676836013794,0.9462243318557739,0.7089065909385681,0.7748318314552307,0.7404046210536557
8,0.009892432950437069,0.9972288608551025,0.9749673008918762,0.9985650181770325,0.9866250794376934,0.2652130126953125,0.9465376734733582,0.7128205299377441,0.7700831294059753,0.7403462267295519
9,0.007728970609605312,0.9979828596115112,0.9821209907531738,0.998469352722168,0.9902276996983495,0.2762879431247711,0.9414460062980652,0.6750339269638062,0.7874950766563416,0.726940652450895
