epoch,loss,accuracy,precision,recall,f1,val_loss,val_accuracy,val_precision,val_recall,val_f1
1,0.3976052403450012,0.8091046214103699,0.33131855726242065,0.8495168685913086,0.47671453127055224,0.4101312756538391,0.9528826475143433,0.8158397078514099,0.6766917109489441,0.7397793584938989
2,0.17981603741645813,0.938741147518158,0.6368795037269592,0.9340859055519104,0.7573688948877988,0.13453185558319092,0.9576218128204346,0.8355782628059387,0.7119113802909851,0.76880343215074
3,0.11245495080947876,0.9629763960838318,0.7473309636116028,0.9643164873123169,0.8420700995414296,0.4309881329536438,0.8662462830543518,0.42096832394599915,0.9358923435211182,0.5807243745688815
4,0.0730121061205864,0.9756276607513428,0.816886842250824,0.9820147156715393,0.891871927728227,0.40501338243484497,0.9228419065475464,0.9680672287940979,0.22793826460838318,0.36899423183722235
5,0.04777374863624573,0.9844502806663513,0.8760498762130737,0.9878503680229187,0.9285971127475707,1.8484703302383423,0.9045511484146118,0.932692289352417,0.038385435938835144,0.07373621944184701
6,0.03297796845436096,0.9897086024284363,0.91476970911026,0.9918683767318726,0.9517602246552488,1.932134985923767,0.9099169373512268,0.948616623878479,0.09497427940368652,0.1726618735365823
7,0.023481905460357666,0.9926168322563171,0.9363023042678833,0.9955993294715881,0.9650407971418672,0.6158230900764465,0.8008381724357605,0.3242166042327881,0.9335179924964905,0.48128124058046895
