epoch,loss,accuracy,precision,recall,f1,val_loss,val_accuracy,val_precision,val_recall,val_f1
1,0.4031018912792206,0.8116205930709839,0.5136889815330505,0.8424134850502014,0.638209185262299,16.3432559967041,0.1016763299703598,0.10161391645669937,0.9992296099662781,0.18446878538332906
2,0.15973563492298126,0.9435771703720093,0.8041046261787415,0.9438775777816772,0.8684028076727695,1.1622577905654907,0.5699122548103333,0.18882209062576294,0.9799692034721375,0.31663451752742666
3,0.07957249134778976,0.9759800434112549,0.9102590680122375,0.9742679595947266,0.9411764669897196,0.141525536775589,0.9558201432228088,0.7767722606658936,0.7935284972190857,0.7850609784050395
4,0.04873806983232498,0.9856055378913879,0.943574070930481,0.9859804511070251,0.9643112723516438,0.17293360829353333,0.9482218623161316,0.7178522348403931,0.8085516095161438,0.7605072301421513
5,0.034221943467855453,0.9904007911682129,0.9613580703735352,0.9911712408065796,0.9760370469374804,0.19242416322231293,0.9474385380744934,0.7106854915618896,0.8147149682044983,0.7591529213907761
6,0.021337948739528656,0.9944434762001038,0.9769213795661926,0.9953415989875793,0.986045470199506,0.19534625113010406,0.9483393430709839,0.7237995266914368,0.7954545617103577,0.7579372531110592
7,0.014190574176609516,0.9967710971832275,0.9864835143089294,0.9972937107086182,0.991859158509422,0.1952618807554245,0.9557026624679565,0.8337129950523376,0.7049306631088257,0.7639323781401899
8,0.009403645060956478,0.9979786276817322,0.9914093017578125,0.9984028339385986,0.9948937778708036,0.4023379683494568,0.9210402369499207,0.5747808218002319,0.8586286306381226,0.6886005517821329
