epoch,loss,accuracy,precision,recall,f1,val_loss,val_accuracy,val_precision,val_recall,val_f1
1,0.39641475677490234,0.8072343468666077,0.3293534815311432,0.8523868918418884,0.47512397268501855,0.35915809869766235,0.9519818425178528,0.891631543636322,0.5860704183578491,0.7072588184085463
2,0.17881929874420166,0.9402980804443359,0.6438953280448914,0.9323639273643494,0.7617335470764608,0.14008215069770813,0.9553893208503723,0.826127827167511,0.6956865787506104,0.7553168631573112
3,0.10758276283740997,0.9646704196929932,0.7566553950309753,0.9652731418609619,0.8483268786356528,0.22304318845272064,0.9486135244369507,0.9004614353179932,0.5405619144439697,0.6755687302899906
4,0.07487988471984863,0.9756766557693481,0.8188875317573547,0.9788577556610107,0.8917552637569497,0.7840673923492432,0.9398793578147888,0.9210526347160339,0.4293628931045532,0.5856950187495004
5,0.049185916781425476,0.9834710955619812,0.8688041567802429,0.9876590371131897,0.9244269207685335,2.476893186569214,0.20358765125274658,0.110435351729393,0.9988127946853638,0.19888109373797863
6,0.0342385359108448,0.988895833492279,0.9080479741096497,0.9919640421867371,0.9481528865834032,0.6168394088745117,0.9384693503379822,0.9535104632377625,0.3977047801017761,0.5612957239432597
7,0.024008734151721,0.9922251105308533,0.9330224990844727,0.9955036640167236,0.9632509366168178,1.1050087213516235,0.626429557800293,0.2050980031490326,0.9647803902626038,0.3382822225533313
