epoch,loss,accuracy,precision,recall,f1,val_loss,val_accuracy,val_precision,val_recall,val_f1
1,0.49767255783081055,0.6915025115013123,0.23011639714241028,0.8586052060127258,0.3629562158090319,0.4139155149459839,0.9011436700820923,1.0,0.0011871784226968884,0.0023715414026120635
2,0.2547382414340973,0.8957639932632446,0.4951244294643402,0.9326509237289429,0.6468500180618683,0.31856417655944824,0.9016136527061462,1.0,0.005935892462730408,0.011801731118666352
3,0.1477365791797638,0.9516763687133789,0.6897785067558289,0.959341824054718,0.8025289101124996,0.24179531633853912,0.9130894541740417,0.9842767119407654,0.12386228889226913,0.2200351514614889
4,0.09593052417039871,0.9720927476882935,0.7976199984550476,0.9746484160423279,0.8772926964546401,0.14568071067333221,0.9542534947395325,0.9375402331352234,0.5761772990226746,0.7137254973626
5,0.07857920229434967,0.9759801626205444,0.8209757804870605,0.9787620902061462,0.8929522282138092,1.5137608051300049,0.18858687579631805,0.10858151316642761,0.9984170794487,0.19586228560895058
6,0.06172727793455124,0.9817085266113281,0.858994722366333,0.9825887084007263,0.9166443405948926,0.1832790970802307,0.9562901258468628,0.8508204817771912,0.6770874261856079,0.7540766654197374
7,0.04074611887335777,0.9885629415512085,0.9062035083770752,0.990816056728363,0.9466228006074113,0.324016809463501,0.9421118497848511,0.9323990345001221,0.44756627082824707,0.6048128270815863
8,0.033080048859119415,0.9909815788269043,0.9237951040267944,0.9938773512840271,0.9575556332121257,0.3237837851047516,0.9254660606384277,0.9126983880996704,0.27305105328559875,0.4203472462302595
9,0.027045832946896553,0.9929203987121582,0.9393966794013977,0.9950253367424011,0.9664111444713673,0.19524027407169342,0.9563685059547424,0.8548468351364136,0.6735259294509888,0.7534307369431842
