epoch,loss,accuracy,precision,recall,f1,val_loss,val_accuracy,val_precision,val_recall,val_f1
1,0.3890104591846466,0.813217282295227,0.3367416560649872,0.8506648540496826,0.48248731882278023,0.24321819841861725,0.9361193776130676,0.9628099203109741,0.3688167929649353,0.5333333486083988
2,0.17822670936584473,0.940601646900177,0.6447567939758301,0.9346598982810974,0.7631023813131447,0.7729657888412476,0.4363152086734772,0.1488606035709381,0.9952512979507446,0.25898464777905233
3,0.10749343782663345,0.965620219707489,0.7617647051811218,0.9663254618644714,0.851937757188545,0.24142290651798248,0.9473601579666138,0.6932374835014343,0.8397309184074402,0.7594846025139744
4,0.07264596223831177,0.9758039116859436,0.8190248012542725,0.9801970720291138,0.8923921213159005,3.554306745529175,0.13034623861312866,0.10208291560411453,0.9988127946853638,0.18523411667643822
5,0.05455121025443077,0.9814343452453613,0.8560965657234192,0.9840237498283386,0.9156133386481561,1.0261783599853516,0.9230377674102783,0.9698996543884277,0.22952117025852203,0.37119999775574036
6,0.037356868386268616,0.9871724843978882,0.8951508402824402,0.9907203912734985,0.9405140455976191,0.5237089991569519,0.9076452851295471,0.9470899701118469,0.07083497941493988,0.1318114828959761
7,0.026948068290948868,0.9912067651748657,0.9256883263587952,0.9938773512840271,0.9585716942446953,0.365707665681839,0.9545668363571167,0.7750502824783325,0.7621685862541199,0.7685554608882172
8,0.01884523406624794,0.9939876794815063,0.9469428658485413,0.9971300363540649,0.9713886482127136,0.354948490858078,0.9514334797859192,0.9122357368469238,0.5635140538215637,0.6966731912984417
