epoch,loss,accuracy,precision,recall,f1,val_loss,val_accuracy,val_precision,val_recall,val_f1
1,0.30744343996047974,0.8830735087394714,0.46164554357528687,0.856691837310791,0.5999799059722283,0.16952954232692719,0.9265627264976501,0.5822401642799377,0.9133359789848328,0.7111385038357924
2,0.1754787564277649,0.9360091686248779,0.6257703900337219,0.9324595928192139,0.7489338666437863,0.13535477221012115,0.9470860362052917,0.6846733689308167,0.8626829981803894,0.763438968860436
3,0.11538277566432953,0.9578453898429871,0.7199484705924988,0.9625944495201111,0.8237750056164388,0.1657053381204605,0.9353360533714294,0.6230337023735046,0.8777205944061279,0.7287662114388352
4,0.08112432807683945,0.9713093638420105,0.7923370003700256,0.9753180742263794,0.874356777456306,0.18045327067375183,0.9468901753425598,0.6890539526939392,0.8444796204566956,0.758890487476802
5,0.049742646515369415,0.9823645949363708,0.8621902465820312,0.9851717352867126,0.9195874654876914,0.19542278349399567,0.9393310546875,0.6430661082267761,0.8698061108589172,0.7394449095772958
6,0.03614888712763786,0.9882691502571106,0.9048202037811279,0.9894766807556152,0.945256785487369,0.2138865739107132,0.9432476758956909,0.6708940863609314,0.8373565673828125,0.7449392683347251
7,0.024028342217206955,0.9930182695388794,0.941843569278717,0.9931120276451111,0.9667985955831903,0.13945148885250092,0.957190990447998,0.8797669410705566,0.657301127910614,0.7524348652268197
8,0.01650680974125862,0.9951823353767395,0.9589899778366089,0.9955036640167236,0.9769057481163205,0.30064982175827026,0.9466943740844727,0.6974931955337524,0.8148001432418823,0.7515969832826934
9,0.010759388096630573,0.9969155192375183,0.973649799823761,0.9968430399894714,0.9851099245135563,0.3269808292388916,0.9485743641853333,0.7180315852165222,0.7910565733909607,0.7527772345811649
