epoch,loss,accuracy,precision,recall,f1,val_loss,val_accuracy,val_precision,val_recall,val_f1
1,0.2018912136554718,0.9286519885063171,0.6932907104492188,0.5349768996238708,0.603931116920169,0.481113463640213,0.9304088950157166,0.9923076629638672,0.3180277347564697,0.48168027633676
2,0.08782278746366501,0.968853771686554,0.8809443116188049,0.8020800948143005,0.8396644686654628,0.10373794287443161,0.9638727903366089,0.8905900120735168,0.7349768877029419,0.8053351423225112
3,0.053981393575668335,0.9808156490325928,0.9164755344390869,0.8926810622215271,0.9044218229568769,0.2826521396636963,0.9616168141365051,0.8914728760719299,0.7087827324867249,0.7896995675699294
4,0.036760661751031876,0.987795352935791,0.9442974925041199,0.9351309537887573,0.9396918691610592,0.41330960392951965,0.8783330917358398,0.45192888379096985,0.9241910576820374,0.6070235893257443
5,0.02392086386680603,0.9922996163368225,0.9651081562042236,0.9589368104934692,0.9620125860989014,0.25054416060447693,0.9604887962341309,0.8390293717384338,0.7565485239028931,0.7956570900535642
