epoch,loss,accuracy,precision,recall,f1,val_loss,val_accuracy,val_precision,val_recall,val_f1
1,0.19868634641170502,0.929105818271637,0.668026328086853,0.6110207438468933,0.6382532009237594,0.11504971235990524,0.9605984687805176,0.8339921236038208,0.7514839768409729,0.7905911890113292
2,0.08124624192714691,0.9706631302833557,0.8899696469306946,0.8140246868133545,0.8503047795051747,0.16523320972919464,0.9450101852416992,0.6822460293769836,0.8318163752555847,0.7496433666835537
3,0.04466663673520088,0.9839019179344177,0.9302530288696289,0.9110303521156311,0.920541349799447,0.17206113040447235,0.9586793184280396,0.8458646535873413,0.7123070955276489,0.7733619800879029
4,0.027077777311205864,0.9906975626945496,0.9584177732467651,0.9503492116928101,0.954366439134817,0.23564422130584717,0.9577784538269043,0.8167905807495117,0.7392164468765259,0.776069799459773
5,0.016524959355592728,0.9942912459373474,0.9730636477470398,0.9711087942123413,0.9720852381830364,0.20741833746433258,0.9577001333236694,0.8401504755020142,0.707162618637085,0.7679415530775395
6,0.010321625508368015,0.9966021776199341,0.9834481477737427,0.9833540320396423,0.9834010876548719,0.23814141750335693,0.9582876563072205,0.8365561962127686,0.7190344333648682,0.7733560476447922
