epoch,loss,accuracy,precision,recall,f1,val_loss,val_accuracy,val_precision,val_recall,val_f1
1,0.36611711978912354,0.8587305545806885,0.405587762594223,0.816607654094696,0.5419854580028844,0.2151898741722107,0.9516685009002686,0.7566494345664978,0.7542540431022644,0.755449840003532
2,0.21120257675647736,0.9219673871994019,0.5747382640838623,0.9137089848518372,0.7056259685481927,0.12294820696115494,0.9614992737770081,0.8125506043434143,0.7942224144935608,0.8032819761274644
3,0.1506396383047104,0.941561222076416,0.6461197733879089,0.9486271739006042,0.7686821732719498,0.1638447493314743,0.9282469153404236,0.589079737663269,0.909378707408905,0.7149968985242008
