epoch,loss,accuracy,precision,recall,f1,val_loss,val_accuracy,val_precision,val_recall,val_f1
1,0.2872900366783142,0.8855215311050415,0.4683602452278137,0.8765904307365417,0.6105206926041984,0.4089455306529999,0.9090552926063538,0.9723502397537231,0.08349821716547012,0.15379008407466366
2,0.12368689477443695,0.9523324370384216,0.6929454803466797,0.9594374895095825,0.8047019173632165,0.22718371450901031,0.9372552037239075,0.6344085931777954,0.8638702034950256,0.7315683592459887
3,0.06367809325456619,0.9759703874588013,0.8192194104194641,0.9819190502166748,0.8932207745028533,0.2089531272649765,0.9460676908493042,0.6852448582649231,0.841709554195404,0.7554608565366674
4,0.03560175001621246,0.9868786931037903,0.8918895721435547,0.9920597076416016,0.9393116021576022,0.21814444661140442,0.9458326697349548,0.6860767602920532,0.8345864415168762,0.753079789526619
5,0.02602306753396988,0.9906975626945496,0.9209710359573364,0.9944513440132141,0.9563017474183387,4.641597747802734,0.15220116078853607,0.10443993657827377,0.9988127946853638,0.1891061621230286
6,0.021625570952892303,0.9925189018249512,0.9356173276901245,0.9954079985618591,0.9645870086887631,0.24049903452396393,0.9584442973136902,0.8337886929512024,0.7245745658874512,0.7753546251946551
