,precision,recall,f1-score,support
0,0.9683688236510234,0.9802581095221485,0.9742771961450462,28670.0
1,0.8043553404770135,0.7171032357473035,0.7582274356467905,3245.0
accuracy,0.9535014883283722,0.9535014883283722,0.9535014883283722,0.9535014883283722
macro avg,0.8863620820640185,0.848680672634726,0.8662523158959183,31915.0
weighted avg,0.9516925349811296,0.9535014883283722,0.9523100498872727,31915.0
