,precision,recall,f1-score,support
0,0.9706964746345658,0.9844087896756191,0.9775045458481254,28670.0
1,0.842605633802817,0.737442218798151,0.7865242399342646,3245.0
accuracy,0.9592981356728811,0.9592981356728811,0.9592981356728811,0.9592981356728811
macro avg,0.9066510542186914,0.8609255042368851,0.882014392891195,31915.0
weighted avg,0.9576726683209507,0.9592981356728811,0.9580863696710776,31915.0
