,precision,recall,f1-score,support
0,0.9750979780113065,0.980641785838856,0.9778620245900214,28670.0
1,0.8199221284879948,0.7787365177195685,0.7987987987987988,3245.0
accuracy,0.9601127996240012,0.9601127996240012,0.9601127996240012,0.9601127996240012
macro avg,0.8975100532496507,0.8796891517792123,0.8883304116944101,31915.0
weighted avg,0.9593202674769763,0.9601127996240012,0.9596555333572933,31915.0
