,precision,recall,f1-score,support
0,0.8971946860880706,0.9281130101151029,0.9123919901248114,28670.0
1,0.08684093929995569,0.06040061633281972,0.07124681933842239,3245.0
accuracy,0.8398872003759987,0.8398872003759987,0.8398872003759987,0.8398872003759987
macro avg,0.4920178126940132,0.4942568132239613,0.4918194047316169,31915.0
weighted avg,0.8148008929397883,0.8398872003759987,0.8268674380583275,31915.0
