,precision,recall,f1-score,support
0,0.975511480079197,0.9795605162190443,0.9775318052872483,28670.0
1,0.8125399872040947,0.7827426810477658,0.7973630513263223,3245.0
accuracy,0.959548801503995,0.959548801503995,0.959548801503995,0.959548801503995
macro avg,0.8940257336416458,0.8811515986334051,0.8874474283067852,31915.0
weighted avg,0.9589411371564426,0.959548801503995,0.9592129080100055,31915.0
