,precision,recall,f1-score,support
0,0.97130060292851,0.9833275200558075,0.9772770604038479,28670.0
1,0.8346020761245675,0.7432973805855162,0.7863080684596577,3245.0
accuracy,0.9589221369262102,0.9589221369262102,0.9589221369262102,0.9589221369262102
macro avg,0.9029513395265387,0.8633124503206618,0.8817925644317528,31915.0
weighted avg,0.9574015987148551,0.9589221369262102,0.9578600345896885,31915.0
