,precision,recall,f1-score,support
0,0.9750406194904414,0.9837809557028252,0.979391287740681,28670.0
1,0.8443775100401606,0.7775038520801233,0.8095620086635649,3245.0
accuracy,0.9628074573084756,0.9628074573084756,0.9628074573084756,0.9628074573084756
macro avg,0.909709064765301,0.8806424038914742,0.8944766482021229,31915.0
weighted avg,0.9617552743497189,0.9628074573084756,0.9621236703004415,31915.0
