,precision,recall,f1-score,support
0,0.9813708759954494,0.9628182769445414,0.972006056551287,28670.0
1,0.7185106944811196,0.8385208012326656,0.7738907849829352,3245.0
accuracy,0.9501801660661131,0.9501801660661131,0.9501801660661131,0.9501801660661131
macro avg,0.8499407852382845,0.9006695390886035,0.8729484207671111,31915.0
weighted avg,0.9546442180285372,0.9501801660661131,0.9518624232678998,31915.0
