,precision,recall,f1-score,support
0,0.9712839009502671,0.9768399023369375,0.974053978853645,28670.0
1,0.7844855566374553,0.7448382126348227,0.764147960796712,3245.0
accuracy,0.9532508224972583,0.9532508224972583,0.9532508224972583,0.9532508224972583
macro avg,0.8778847287938611,0.8608390574858802,0.8691009698251785,31915.0
weighted avg,0.9522909312715871,0.9532508224972583,0.9527115057659198,31915.0
