,precision,recall,f1-score,support
0,0.9701728462939417,0.9847575863271713,0.9774108116529054,28670.0
1,0.8447050461975835,0.7325115562403698,0.7846179237497937,3245.0
accuracy,0.9591101362995457,0.9591101362995457,0.9591101362995457,0.9591101362995457
macro avg,0.9074389462457626,0.8586345712837705,0.8810143677013496,31915.0
weighted avg,0.9574157411298282,0.9591101362995457,0.9578083387954529,31915.0
