,precision,recall,f1-score,support
0,0.9661446732686838,0.9834321590512731,0.9747117694847285,28670.0
1,0.8261346998535871,0.6955315870570108,0.7552283754391835,3245.0
accuracy,0.9541594861350462,0.9541594861350462,0.9541594861350462,0.9541594861350462
macro avg,0.8961396865611355,0.839481873054142,0.864970072461956,31915.0
weighted avg,0.9519089733240813,0.9541594861350462,0.9523955039770426,31915.0
