,precision,recall,f1-score,support
0,0.901595744680851,0.20101151028950123,0.3287319605270663,28670.0
1,0.10249578811268267,0.8061633281972265,0.18186874304783093,3245.0
accuracy,0.26254112486291714,0.26254112486291714,0.26254112486291714,0.26254112486291714
macro avg,0.5020457663967668,0.5035874192433638,0.25530035178744864,31915.0
weighted avg,0.8203461955953518,0.26254112486291714,0.31379944789287806,31915.0
