,precision,recall,f1-score,support
0,0.9705831458729884,0.9782002092779909,0.9743767914531399,28670.0
1,0.793046357615894,0.7380585516178737,0.7645650438946529,3245.0
accuracy,0.9537834873883754,0.9537834873883754,0.9537834873883754,0.9537834873883754
macro avg,0.8818147517444412,0.8581293804479323,0.8694709176738964,31915.0
weighted avg,0.9525318572032635,0.9537834873883754,0.9530439034435115,31915.0
