,precision,recall,f1-score,support
0,0.9740107136685675,0.9830136030694105,0.978491450394931,28670.0
1,0.8365771812080537,0.7682588597842835,0.8009638554216868,3245.0
accuracy,0.9611781294062353,0.9611781294062353,0.9611781294062353,0.9611781294062353
macro avg,0.9052939474383106,0.8756362314268471,0.8897276529083089,31915.0
weighted avg,0.9600369767788803,0.9611781294062353,0.960441096464548,31915.0
