,precision,recall,f1-score,support
0,0.9736787564766839,0.9831880013951866,0.9784102742103437,28670.0
1,0.8374367622259696,0.7651771956856702,0.7996779388083736,3245.0
accuracy,0.9610214632617892,0.9610214632617892,0.9610214632617892,0.9610214632617892
macro avg,0.9055577593513268,0.8741825985404283,0.8890441065093586,31915.0
weighted avg,0.9598261708165376,0.9610214632617892,0.9602374266972811,31915.0
