,precision,recall,f1-score,support
0,0.9725799750727047,0.9798395535402861,0.9761962678527991,28670.0
1,0.8093038601121741,0.7559322033898305,0.7817080943275972,3245.0
accuracy,0.9570734764217452,0.9570734764217452,0.9570734764217452,0.9570734764217452
macro avg,0.8909419175924393,0.8678858784650583,0.8789521810901981,31915.0
weighted avg,0.9559786592949536,0.9570734764217452,0.9564214245788125,31915.0
