,precision,recall,f1-score,support
0,0.9703028419489623,0.9800837111963725,0.9751687518436898,28670.0
1,0.8068335588633289,0.7349768875192604,0.7692307692307693,3245.0
accuracy,0.9551621494595018,0.9551621494595018,0.9551621494595018,0.9551621494595018
macro avg,0.8885682004061456,0.8575302993578164,0.8721997605372296,31915.0
weighted avg,0.9536818855456134,0.9551621494595018,0.9542297340282762,31915.0
