,precision,recall,f1-score,support
0,0.9608346836343516,0.8479944192535752,0.9008948918903896,28670.0
1,0.3408953418027828,0.6946070878274269,0.45733996144871664,3245.0
accuracy,0.8323985586714711,0.8323985586714711,0.8323985586714711,0.8323985586714711
macro avg,0.6508650127185672,0.771300753540501,0.6791174266695531,31915.0
weighted avg,0.8978015279319095,0.8323985586714711,0.8557958554096367,31915.0
