,precision,recall,f1-score,support
0,0.9754106900982877,0.9795953958841995,0.9774985642935454,28670.0
1,0.8126201153106982,0.7818181818181819,0.7969216271399403,3245.0
accuracy,0.9594861350462165,0.9594861350462165,0.9594861350462165,0.9594861350462165
macro avg,0.894015402704493,0.8807067888511907,0.8872100957167428,31915.0
weighted avg,0.9588587422622943,0.9594861350462165,0.9591381644482235,31915.0
