,precision,recall,f1-score,support
0,0.9736577936238707,0.9810952214858737,0.9773623586233257,28670.0
1,0.82088565763384,0.7654853620955316,0.7922181470259927,3245.0
accuracy,0.9591728027573242,0.9591728027573242,0.9591728027573242,0.9591728027573242
macro avg,0.8972717256288554,0.8732902917907026,0.8847902528246592,31915.0
weighted avg,0.958124483854557,0.9591728027573242,0.9585375750847593,31915.0
