,precision,recall,f1-score,support
0,0.9732880038853813,0.9785838855946983,0.9759287602615834,28670.0
1,0.801230171576562,0.7627118644067796,0.78149668455952,3245.0
accuracy,0.956634811217296,0.956634811217296,0.956634811217296,0.956634811217296
macro avg,0.8872590877309716,0.8706478750007389,0.8787127224105518,31915.0
weighted avg,0.9557937953363567,0.956634811217296,0.956159620808248,31915.0
