epoch,loss,accuracy,precision,recall,f1,val_loss,val_accuracy,val_precision,val_recall,val_f1
1,0.5867103338241577,0.41448381543159485,0.5136287212371826,0.5833962559700012,0.5462939844656611,0.40360531210899353,0.9429892301559448,0.7178022861480713,0.6536943912506104,0.6842500404329611
2,0.3201559782028198,0.8942604064941406,0.7748956084251404,0.6183538436889648,0.6878304200303996,0.23542097210884094,0.9429892301559448,0.9399467706680298,0.4435078799724579,0.6026562552707297
3,0.23563475906848907,0.9232472777366638,0.7660015821456909,0.6889352798461914,0.7254273750899183,0.2887516915798187,0.9433743953704834,0.9381939172744751,0.45462697744369507,0.6124667808819172
4,0.21307331323623657,0.9273883104324341,0.7756582498550415,0.7170523405075073,0.7452048201217998,0.7478789687156677,0.9426040053367615,0.9394285678863525,0.442252516746521,0.6013900791899637
5,0.19281910359859467,0.9307588338851929,0.7889514565467834,0.7345978021621704,0.7608050775897163,0.36554867029190063,0.9426040053367615,0.6499353051185608,0.9010043144226074,0.7551480491299074
6,0.17191757261753082,0.9270030856132507,0.8005164265632629,0.7573845982551575,0.7783534415479799,1.180132269859314,0.9429892301559448,0.939047634601593,0.44207316637039185,0.6011462008374654
7,0.1602364182472229,0.9268105030059814,0.8114562034606934,0.768311619758606,0.7892947569644332,0.39332136511802673,0.9426040053367615,0.5146915912628174,0.9487087726593018,0.6673394921623744
8,0.14682717621326447,0.9221879839897156,0.8216459155082703,0.779638409614563,0.8000911578073813,0.4484977424144745,0.9426040053367615,0.6463055610656738,0.9051291346549988,0.7541277693784555
9,0.135404571890831,0.9163135886192322,0.8308568000793457,0.7972726821899414,0.8137183642074113,0.8905692100524902,0.9414483904838562,0.9383043050765991,0.444583922624588,0.6033097978712867
