epoch,loss,accuracy,precision,recall,f1,val_loss,val_accuracy,val_precision,val_recall,val_f1
1,0.5675154328346252,0.4081120193004608,0.5250914692878723,0.5765978693962097,0.5496406505869494,0.3669358491897583,0.9486653208732605,0.6551170349121094,0.9031952023506165,0.7594095056971824
2,0.28683367371559143,0.8399665355682373,0.7848577499389648,0.705658495426178,0.7431539785865624,0.2386690229177475,0.9486653208732605,0.7190589904785156,0.6671939492225647,0.6921562347558317
3,0.20015931129455566,0.878015398979187,0.8177990913391113,0.7459657788276672,0.7802325627512987,0.4280567765235901,0.9493497610092163,0.5485361814498901,0.5631129145622253,0.5557289777631679
4,0.1706620454788208,0.8744387626647949,0.8382234573364258,0.7700303196907043,0.8026811266293417,0.8386365175247192,0.9486653208732605,0.9477257132530212,0.44163239002227783,0.6025032291427395
5,0.1380990892648697,0.8451411724090576,0.8533604741096497,0.8119583129882812,0.8321447356471872,0.49091637134552,0.9486653208732605,0.5983197689056396,0.7209743857383728,0.6539454849298062
6,0.11365450918674469,0.8217030763626099,0.867438554763794,0.8341554403305054,0.8504714893149941,0.4697396457195282,0.9418206810951233,0.920426070690155,0.46472635865211487,0.6176161513768159
7,0.09811124205589294,0.7936990857124329,0.8801888227462769,0.8539214730262756,0.8668562061975628,2.453017473220825,0.036276523023843765,0.4280812442302704,0.9867130517959595,0.5971092081689174
