epoch,loss,accuracy,precision,recall,f1,val_loss,val_accuracy,val_precision,val_recall,val_f1
1,0.5652416348457336,0.39030516147613525,0.5237054228782654,0.5740610361099243,0.5477282990609527,0.3732268512248993,0.9486653208732605,0.7252671718597412,0.6656121611595154,0.6941603605996328
2,0.28350985050201416,0.8191157579421997,0.7834879159927368,0.7262349128723145,0.753775815704191,0.23386819660663605,0.9486653208732605,0.9485095143318176,0.44289782643318176,0.6038387033631528
3,0.2028232216835022,0.894832968711853,0.8173683881759644,0.7531181573867798,0.7839290010456075,0.36882859468460083,0.9486653208732605,0.9483344554901123,0.44131603837013245,0.6023316032281173
4,0.16644510626792908,0.8691880106925964,0.8412012457847595,0.7816573977470398,0.8103369685121921,3.198091506958008,0.9486653208732605,0.5021566152572632,0.6997785568237305,0.5847211059075947
5,0.13619810342788696,0.8556426167488098,0.8582979440689087,0.8190754652023315,0.8382281296874494,0.47301119565963745,0.9452430009841919,0.6536796689033508,0.9076241850852966,0.7600000157298584
6,0.1122095063328743,0.842706024646759,0.8678687214851379,0.8377493023872375,0.8525430733162571,0.8285277485847473,0.9479808211326599,0.8994378447532654,0.45555204153060913,0.6047879036661669
7,0.09717711806297302,0.8452172875404358,0.8793309926986694,0.8539567589759827,0.8664581444905282,1.117060661315918,0.04312115162611008,0.4298221468925476,0.9939892292022705,0.6001336857633546
