epoch,loss,accuracy,precision,recall,f1,val_loss,val_accuracy,val_precision,val_recall,val_f1
1,0.5806860327720642,0.46080508828163147,0.5323304533958435,0.600586473941803,0.5644023180555174,0.38037750124931335,0.9418336153030396,0.9405034184455872,0.4418562948703766,0.6012434416081757
2,0.31574586033821106,0.9047573208808899,0.7666411399841309,0.6667407155036926,0.7132096171729839,0.2406618595123291,0.9418336153030396,0.9411314725875854,0.4411395788192749,0.6007075689074087
3,0.23584282398223877,0.9318181872367859,0.7687787413597107,0.7207215428352356,0.7439748839942936,0.33309507369995117,0.9414483904838562,0.939612627029419,0.44328972697257996,0.6023861680334629
4,0.20614567399024963,0.9296032190322876,0.789585292339325,0.7444019913673401,0.7663282091250403,0.2828429043292999,0.9418336153030396,0.9373593330383301,0.4477692246437073,0.6060385650693724
5,0.18294870853424072,0.9249807596206665,0.8124406933784485,0.7607517242431641,0.7857470598127747,0.6232169270515442,0.9418336153030396,0.9379727840423584,0.4443648159503937,0.6030395231232173
6,0.16402927041053772,0.919780433177948,0.82258141040802,0.7710147500038147,0.7959637658007687,0.5991225242614746,0.9418336153030396,0.9364900588989258,0.44651496410369873,0.6047076013142304
7,0.14862875640392303,0.9148690104484558,0.828349769115448,0.7827883362770081,0.8049248359914826,0.3243667781352997,0.9414483904838562,0.9331352114677429,0.45009854435920715,0.6072766784394418
8,0.13804250955581665,0.9130392670631409,0.8348174691200256,0.795539379119873,0.814705285875483,0.288846880197525,0.9414483904838562,0.648287296295166,0.9122021198272705,0.7579276601657402
9,0.13015522062778473,0.9089946150779724,0.8408636450767517,0.8028700947761536,0.8214277751298181,0.3223804831504822,0.9414483904838562,0.9279055595397949,0.5350295901298523,0.6787135182470599
