epoch,loss,accuracy,precision,recall,f1,val_loss,val_accuracy,val_precision,val_recall,val_f1
1,0.7768304944038391,0.18489985167980194,0.3877168297767639,0.5233694911003113,0.4454444222056738,0.6475306749343872,0.020416025072336197,0.6196838617324829,0.6814190745353699,0.649086850541582
2,0.6595461964607239,0.21080508828163147,0.43129852414131165,0.5430513620376587,0.48076620996648806,0.627825140953064,0.06664098799228668,0.6087996363639832,0.6842859983444214,0.6443394865414187
3,0.5826169848442078,0.25067412853240967,0.4833733141422272,0.5637995600700378,0.5204979398802535,0.5722728371620178,0.5523883104324341,0.6381679177284241,0.7489697337150574,0.6891435106085795
4,0.5183219909667969,0.2979584038257599,0.5467106699943542,0.5959214568138123,0.5702563603366774,0.4232143461704254,0.6733435988426208,0.7764756083488464,0.6529296040534973,0.7093634570764483
5,0.45372453331947327,0.3468798100948334,0.6068708896636963,0.6231561899185181,0.6149057328131992,0.4483911693096161,0.3482280373573303,0.6088332533836365,0.7928686738014221,0.6887695662171373
6,0.39345458149909973,0.419780433177948,0.6636428833007812,0.6565665602684021,0.6600857572377531,0.45045173168182373,0.4549306631088257,0.6411833763122559,0.7844472527503967,0.7056169077793691
7,0.34019336104393005,0.4881548583507538,0.7165299654006958,0.6909987330436707,0.7035327930818399,0.2807076573371887,0.47842836380004883,0.6998525261878967,0.8502060770988464,0.7677372579027035
